"service","total_admissions","total_refusals","avg_satisfaction","total_staff","avg_weeks_present","avg_age","total_patients","admission_rate","performance_score"
"ICU","648","141","81.6153846153846154","34","60.12443438914027149300","44.2157676348547718","241","82.13","81.92"
"surgery","1686","555","79.2692307692307692","25","60.23076923076923076900","45.5944881889763780","254","75.23","76.85"
"general_medicine","2332","1938","81.2307692307692308","28","58.99725274725274725300","46.1942148760330579","242","54.61","65.26"
"emergency","1185","5008","77.8846153846153846","39","60.40433925049309664700","45.3269961977186312","263","19.13","42.63"
